,precision,recall,f1-score,support
negatif,0.878727634194831,0.9587852494577006,0.91701244813278,461.0
netral,0.8229166666666666,0.6929824561403509,0.7523809523809524,114.0
positif,0.9768009768009768,0.9489916963226572,0.9626955475330926,843.0
accuracy,0.9315937940761636,0.9315937940761636,0.9315937940761636,0.9315937940761636
macro avg,0.8928150925541581,0.8669198006402362,0.877362982682275,1418.0
weighted avg,0.9325452488060935,0.9315937940761636,0.930935482179857,1418.0
