epoch,train_loss,val_loss,val_accuracy,val_f1_macro
1,0.685771,0.616123,0.877205,0.794085
2,0.433041,0.398677,0.898377,0.829853
3,0.316577,0.564852,0.903317,0.84321
4,0.227414,0.624375,0.904023,0.839208
5,0.122477,0.73519,0.91108,0.848772
